"Aspergillus_flavus","Fungi,Ascomycota,Saccharomycetes,Saccharomycetales,Dipodascaceae,Yarrowia,Yarrowia_lipolytica",2.006920551959854
"Aspergillus_flavus","Fungi,Ascomycota,Eurotiomycetes,Eurotiales,Aspergillaceae,Aspergillus,Aspergillus_oryzae",16.15484476145017
"Aspergillus_flavus","Fungi,Ascomycota,Eurotiomycetes,Chaetothyriales,Herpotrichiellaceae,Rhinocladiella,Rhinocladiella_aquaspersa",1.0034843205574913
"Aspergillus_flavus","Fungi,Basidiomycota,Tremellomycetes,Tremellales,Cryptococcaceae,Cryptococcus,Cryptococcus_bacillisporus",1.0034843205574913
"Aspergillus_flavus","Fungi,Basidiomycota,Pucciniomycetes,Pucciniales,Pucciniaceae,Puccinia,Puccinia_chunjiei",1.0034843205574913
"Aspergillus_flavus","Fungi,Ascomycota,Pezizomycetes,Pezizales,Morchellaceae,Morchella,Morchella_australiana",1.0035324097126201
"Aspergillus_flavus","Fungi,Ascomycota,Eurotiomycetes,Eurotiales,Aspergillaceae,Aspergillus,Aspergillus_aflatoxiformans",132.06116782291443
"Aspergillus_flavus","Fungi,Ascomycota,Eurotiomycetes,Eurotiales,Aspergillaceae,Aspergillus,Aspergillus_austwickii",132.06116782291443
"Aspergillus_flavus","Fungi,Ascomycota,Eurotiomycetes,Eurotiales,Aspergillaceae,Aspergillus,Aspergillus_krugeri",1.701913669376062
"Aspergillus_fumigatus","Fungi,Ascomycota,Saccharomycetes,Saccharomycetales,Debaryomycetaceae,Candida,Candida_parapsilosis",1.0
"Aspergillus_fumigatus","Fungi,Ascomycota,Saccharomycetes,Saccharomycetales,Dipodascaceae,Dipodascus,Dipodascus_fermentans",9.0
"Aspergillus_fumigatus","Fungi,Ascomycota,Leotiomycetes,Thelebolales,Thelebolaceae,Inopinatum,Inopinatum_lactosum",150.84995773160176
"Aspergillus_fumigatus","Fungi,Ascomycota,Saccharomycetes,Saccharomycetales,Debaryomycetaceae,Kurtzmaniella,[Candida]_anglica",1.0
"Aspergillus_fumigatus","Fungi,Ascomycota,Saccharomycetes,Saccharomycetales,Debaryomycetaceae,Candida,Candida_orthopsilosis",1.0
"Aspergillus_fumigatus","Fungi,Ascomycota,Saccharomycetes,Saccharomycetales,Metschnikowiaceae,Metschnikowia,Metschnikowia_vanudenii",14.057209651962603
"Aspergillus_fumigatus","Fungi,Ascomycota,Eurotiomycetes,Eurotiales,Aspergillaceae,Aspergillus,Aspergillus_fumigatus",13.0
"Aspergillus_fumigatus","Fungi,Ascomycota,Saccharomycetes,Saccharomycetales,Dipodascaceae,Yarrowia,Yarrowia_yakushimensis",53.092832616435565
"Aspergillus_fumigatus","Fungi,Ascomycota,Saccharomycetes,Saccharomycetales,Metschnikowiaceae,Metschnikowia,Metschnikowia_amazonensis",1.0
"Aspergillus_fumigatus","Fungi,Ascomycota,Dothideomycetes,Venturiales,Sympoventuriaceae,Verruconis,Verruconis_thailandica",2.0000000000000524
"Asteroma_sp_CCL060","Fungi,Ascomycota,Saccharomycetes,Saccharomycetales,Debaryomycetaceae,Candida,Candida_parapsilosis",1.0026246719160106
"Asteroma_sp_CCL060","Fungi,Ascomycota,Sordariomycetes,Diaporthales,Diaporthaceae,Diaporthe,Diaporthe_foeniculina",378.9931977424103
"Asteroma_sp_CCL060","Fungi,Ascomycota,Sordariomycetes,Diaporthales,Diaporthaceae,Diaporthe,Diaporthe_baccae",2.004177585673702
"Austropuccinia_psidii","Fungi,Ascomycota,Saccharomycetes,Saccharomycetales,Debaryomycetaceae,Candida,Candida_tropicalis",1.0
"Austropuccinia_psidii","Fungi,Ascomycota,Leotiomycetes,Helotiales,Sclerotiniaceae,Botryotinia,Botryotinia_ranunculi",1.0
"Austropuccinia_psidii","Fungi,Basidiomycota,Pucciniomycetes,Pucciniales,Pucciniaceae,Puccinia,Puccinia_emaculata",1.9996081775860262
"Austropuccinia_psidii","Fungi,Basidiomycota,Pucciniomycetes,Pucciniales,Pucciniaceae,Puccinia,Puccinia_coronati-japonica",2.7135157619925483
"Austropuccinia_psidii","Fungi,Basidiomycota,Pucciniomycetes,Pucciniales,Raveneliaceae,Dasyspora,Dasyspora_echinata",3.0000465959065488
"Austropuccinia_psidii","Fungi,Basidiomycota,Pucciniomycetes,Pucciniales,Raveneliaceae,Dasyspora,Dasyspora_mesoamericana",14.637268936576367
"Austropuccinia_psidii","Fungi,Basidiomycota,Pucciniomycetes,Pucciniales,Raveneliaceae,Dasyspora,Dasyspora_nitidae",4.358078579213015
"Austropuccinia_psidii","Fungi,Basidiomycota,Pucciniomycetes,Pucciniales,Pucciniaceae,Puccinia,Puccinia_novopanici",2.7024024057286224
"Austropuccinia_psidii","Fungi,Basidiomycota,Pucciniomycetes,Pucciniales,Pucciniaceae,Puccinia,Puccinia_setariae",207.1444763387498
"Austropuccinia_psidii","Fungi,Basidiomycota,Pucciniomycetes,Pucciniales,Pucciniaceae,Puccinia,Puccinia_wiehei",55.96768409115845
"Austropuccinia_psidii","Fungi,Basidiomycota,Pucciniomycetes,Pucciniales,Pucciniaceae,Puccinia,Puccinia_aizazii",4.2976000756248895
"Austropuccinia_psidii","Fungi,Basidiomycota,Pucciniomycetes,Pucciniales,Pucciniaceae,Puccinia,Puccinia_xinyuanensis",80.17932106571813
"Austropuccinia_psidii","Fungi,Basidiomycota,Pucciniomycetes,Pucciniales,Pucciniaceae,Puccinia,Puccinia_ampliaticoronata",1.0
"Austropuccinia_psidii","Fungi,Basidiomycota,Pucciniomycetes,Pucciniales,Pucciniaceae,Puccinia,Puccinia_protuberanticoronata",1.9999999999787208
"Austropuccinia_psidii","Fungi,Basidiomycota,Pucciniomycetes,Pucciniales,Pucciniaceae,Puccinia,Puccinia_ramificatacoronata",2.9999979717668785
"Austropuccinia_psidii","Fungi,Ascomycota,Saccharomycetes,Saccharomycetales,Trichomonascaceae,Blastobotrys,Blastobotrys_persicus",1.0
"Blastobotrys_adeninivorans","Fungi,Ascomycota,Saccharomycetes,Saccharomycetales,Debaryomycetaceae,Candida,Candida_parapsilosis",1.0025974025974025
"Blastobotrys_adeninivorans","Fungi,Ascomycota,Saccharomycetes,Saccharomycetales,Trichomonascaceae,Blastobotrys,Blastobotrys_adeninivorans",358.6935060781551
"Blastobotrys_adeninivorans","Fungi,Ascomycota,Saccharomycetes,Saccharomycetales,Dipodascaceae,Yarrowia,Yarrowia_yakushimensis",1.0025974025974025
"Blastobotrys_adeninivorans","Fungi,Basidiomycota,Agaricomycetes,Russulales,Peniophoraceae,Peniophora,Peniophora_molesta",1.3868842707732725
"Blastobotrys_adeninivorans","Fungi,Basidiomycota,Agaricomycetes,Russulales,Lachnocladiaceae,Vararia,Vararia_breviphysa",23.914414845876813
"Blastobotrys_proliferans","Fungi,Ascomycota,Saccharomycetes,Saccharomycetales,Debaryomycetaceae,Kodamaea,Kodamaea_ohmeri",1.0025906735751295
"Blastobotrys_proliferans","Fungi,Ascomycota,Saccharomycetes,Saccharomycetales,Trichomonascaceae,Blastobotrys,Blastobotrys_proliferans",371.5677565791156
"Blastobotrys_proliferans","Fungi,Basidiomycota,Agaricomycetes,Russulales,Lachnocladiaceae,Scytinostroma,Scytinostroma_alutum",1.0272579109916853
"Blastobotrys_proliferans","Fungi,Ascomycota,Saccharomycetes,Saccharomycetales,Debaryomycetaceae,Candida,Candida_africana",1.0025906735751295
"Blastobotrys_proliferans","Fungi,Basidiomycota,Agaricomycetes,Russulales,Peniophoraceae,Peniophora,Peniophora_molesta",1.052984953404767
"Blastobotrys_proliferans","Fungi,Basidiomycota,Agaricomycetes,Russulales,Lachnocladiaceae,Vararia,Vararia_breviphysa",9.341637822983488
"Blastobotrys_proliferans","Fungi,Ascomycota,Dothideomycetes,Venturiales,Sympoventuriaceae,Verruconis,Verruconis_thailandica",2.0051813863541255
"Botrytis_cinerea","Fungi,Ascomycota,Leotiomycetes,Helotiales,Sclerotiniaceae,Botryotinia,Botryotinia_ranunculi",394.0
"Botrytis_cinerea","Fungi,Ascomycota,Leotiomycetes,NA,Pseudeurotiaceae,Pseudogymnoascus,Pseudogymnoascus_hyalinus",1.0
"Botrytis_fabae","Fungi,Ascomycota,Saccharomycetes,Saccharomycetales,Debaryomycetaceae,Kodamaea,Kodamaea_ohmeri",1.0025974025974025
"Botrytis_fabae","Fungi,Ascomycota,Leotiomycetes,Helotiales,Sclerotiniaceae,Botryotinia,Botryotinia_ranunculi",381.9896103896104
"Botrytis_fabae","Fungi,Basidiomycota,Pucciniomycetes,Pucciniales,Pucciniaceae,Puccinia,Puccinia_aizazii",1.0025974025974025
"Botrytis_fabae","Fungi,Ascomycota,Eurotiomycetes,Chaetothyriales,Trichomeriaceae,Incumbomyces,Incumbomyces_lentus",1.0025974025974025
"Botrytis_fabae","Fungi,Basidiomycota,Pucciniomycetes,Pucciniales,Pucciniaceae,Puccinia,Puccinia_xinyuanensis",1.0025974025974025
"Candida_boleticola","Fungi,Ascomycota,Saccharomycetes,Saccharomycetales,Debaryomycetaceae,Kurtzmaniella,[Candida]_boleticola",368.69830800426917
"Candida_boleticola","Fungi,Ascomycota,Saccharomycetes,Saccharomycetales,Pichiaceae,Ogataea,Ogataea_naganishii",2.005136770307234
"Candida_boleticola","Fungi,Ascomycota,Saccharomycetes,Saccharomycetales,Debaryomycetaceae,Kurtzmaniella,[Candida]_anglica",2.005141388174807
"Candida_boleticola","Fungi,Ascomycota,Saccharomycetes,Saccharomycetales,Dipodascaceae,Galactomyces,Galactomyces_pseudocandidus",2.0051097459087193
"Candida_boleticola","Fungi,Ascomycota,Pezizomycetes,Pezizales,Morchellaceae,Morchella,Morchella_australiana",1.002570694087866
"Candida_boleticola","Fungi,Ascomycota,Saccharomycetes,Saccharomycetales,Dipodascaceae,Yarrowia,Yarrowia_yakushimensis",14.28373339725211
"Candida_caryicola","Fungi,Ascomycota,Saccharomycetes,Saccharomycetales,Saccharomycetaceae,Kluyveromyces,Kluyveromyces_marxianus",1.0026385224274406
"Candida_caryicola","Fungi,Ascomycota,Saccharomycetes,Saccharomycetales,NA,Starmerella,Starmerella_apicola",1.0026385224274406
"Candida_caryicola","Fungi,Ascomycota,Saccharomycetes,Saccharomycetales,NA,Nakazawaea,Nakazawaea_holstii",1.0026385224274406
"Candida_caryicola","Fungi,Ascomycota,Saccharomycetes,Saccharomycetales,Phaffomycetaceae,Phaffomyces,[Candida]_orba",4.983350400352834
"Candida_caryicola","Fungi,Ascomycota,Saccharomycetes,Saccharomycetales,Debaryomycetaceae,Suhomyces,[Candida]_caryicola",330.85168416622764
"Candida_caryicola","Fungi,Ascomycota,Sordariomycetes,Xylariales,Xylariaceae,Coniolariella,Coniolariella_hispanica",1.0026385224274406
"Candida_caryicola","Fungi,Ascomycota,Pezizomycetes,Pezizales,Morchellaceae,Morchella,Morchella_australiana",34.90978773886861
"Candida_caryicola","Fungi,Ascomycota,Saccharomycetes,Saccharomycetales,NA,Nakazawaea,Nakazawaea_peltata",4.010508241425372
"Candida_caryicola","Fungi,Ascomycota,Dothideomycetes,Venturiales,Sympoventuriaceae,Verruconis,Verruconis_thailandica",1.2341153634157833
"Candida_catenulata","Fungi,Ascomycota,Dothideomycetes,Pleosporales,Leptosphaeriaceae,Plenodomus,Plenodomus_lingam",1.0
"Candida_catenulata","Fungi,Ascomycota,Eurotiomycetes,Eurotiales,Aspergillaceae,Aspergillus,Aspergillus_oryzae",5.702954100014013
"Candida_catenulata","Fungi,Ascomycota,Eurotiomycetes,Eurotiales,Aspergillaceae,Aspergillus,Aspergillus_flaschentraegeri",11.691906995628802
"Candida_catenulata","Fungi,Ascomycota,Saccharomycetes,Saccharomycetales,Debaryomycetaceae,Diutina,Diutina_catenulata",193.85981107368198
"Candida_catenulata","Fungi,Ascomycota,Eurotiomycetes,Eurotiales,Aspergillaceae,Aspergillus,Aspergillus_insolitus",168.74532706383408
"Candida_catenulata","Fungi,Ascomycota,Pezizomycetes,Pezizales,Morchellaceae,Morchella,Morchella_australiana",3.0000007643645006
"Candida_catenulata","Fungi,Ascomycota,Dothideomycetes,NA,Micropeltidaceae,Stomiopeltopsis,Stomiopeltopsis_antidesmatis",1.000000002476596
"Candida_dubliniensis","Fungi,Ascomycota,Saccharomycetes,Saccharomycetales,Saccharomycetaceae,Nakaseomyces,Nakaseomyces_glabratus",1.0026041666666665
"Candida_dubliniensis","Fungi,Ascomycota,Saccharomycetes,Saccharomycetales,Debaryomycetaceae,Candida,Candida_dubliniensis",372.96556917695483
"Candida_dubliniensis","Fungi,Ascomycota,Saccharomycetes,Saccharomycetales,Saccharomycopsidaceae,Saccharomycopsis,Saccharomycopsis_crataegensis",3.0078333594814235
"Candida_dubliniensis","Fungi,Basidiomycota,Agaricomycetes,Russulales,Lachnocladiaceae,Scytinostroma,Scytinostroma_alutum",1.0057641291854313
"Candida_dubliniensis","Fungi,Ascomycota,Pezizomycetes,Pezizales,Morchellaceae,Morchella,Morchella_australiana",5.013020834378317
"Candida_dubliniensis","Fungi,Ascomycota,Saccharomycetes,Saccharomycetales,Debaryomycetaceae,Spathaspora,Spathaspora_boniae",2.005208333333333
"Candida_glabrata","Fungi,Ascomycota,Saccharomycetes,Saccharomycetales,Pichiaceae,Pichia,Pichia_kudriavzevii",13.0
"Candida_glabrata","Fungi,Ascomycota,Saccharomycetes,Saccharomycetales,Dipodascaceae,Yarrowia,Yarrowia_lipolytica",14.999605677250253
"Candida_glabrata","Fungi,Ascomycota,Saccharomycetes,Saccharomycetales,Saccharomycetaceae,Nakaseomyces,Nakaseomyces_glabratus",188.68780874813427
"Candida_glabrata","Fungi,Ascomycota,Eurotiomycetes,Chaetothyriales,Herpotrichiellaceae,Rhinocladiella,Rhinocladiella_aquaspersa",3.9966153489541956
"Candida_glabrata","Fungi,Ascomycota,Saccharomycetes,Saccharomycetales,Saccharomycopsidaceae,Saccharomycopsis,Saccharomycopsis_crataegensis",29.9984124117301
"Candida_glabrata","Fungi,Ascomycota,Saccharomycetes,Saccharomycetales,Saccharomycopsidaceae,Saccharomycopsis,Saccharomycopsis_vini",2.000000039845274
"Candida_glabrata","Fungi,Ascomycota,Saccharomycetes,Saccharomycetales,Debaryomycetaceae,Yamadazyma,Yamadazyma_scolyti",1.0
"Candida_glabrata","Fungi,Ascomycota,Saccharomycetes,Saccharomycetales,Debaryomycetaceae,Yamadazyma,[Candida]_aaseri",1.0
"Candida_glabrata","Fungi,Ascomycota,Saccharomycetes,Saccharomycetales,Debaryomycetaceae,Kurtzmaniella,[Candida]_boleticola",1.0
"Candida_glabrata","Fungi,Ascomycota,Saccharomycetes,Saccharomycetales,Debaryomycetaceae,Teunomyces,Teunomyces_kruisii",1.9325613215611686
"Candida_glabrata","Fungi,Ascomycota,Saccharomycetes,Saccharomycetales,Metschnikowiaceae,Clavispora,Clavispora_fructus",30.0
"Candida_glabrata","Fungi,Ascomycota,Saccharomycetes,Saccharomycetales,Metschnikowiaceae,NA,[Candida]_oregonensis",1.999991137403685
"Candida_glabrata","Fungi,Ascomycota,Saccharomycetes,Saccharomycetales,Saccharomycetaceae,Nakaseomyces,Nakaseomyces_delphensis",2.0118655992518732
"Candida_glabrata","Fungi,Ascomycota,Saccharomycetes,Saccharomycetales,Saccharomycetaceae,Kluyveromyces,Kluyveromyces_nonfermentans",1.0000206996422125
"Candida_glabrata","Fungi,Basidiomycota,Tremellomycetes,Filobasidiales,Filobasidiaceae,Naganishia,Naganishia_albida",6.0
"Candida_glabrata","Fungi,Ascomycota,Saccharomycetes,Saccharomycetales,Dipodascaceae,Yarrowia,Yarrowia_galli",2.0
"Candida_glabrata","Fungi,Ascomycota,Saccharomycetes,Saccharomycetales,Debaryomycetaceae,Suhomyces,Suhomyces_emberorum",14.999994260900284
"Candida_glabrata","Fungi,Ascomycota,Saccharomycetes,Saccharomycetales,Metschnikowiaceae,Metschnikowia,Metschnikowia_vanudenii",1.9999954639650381
"Candida_glabrata","Fungi,Ascomycota,Saccharomycetes,Saccharomycetales,Debaryomycetaceae,Suhomyces,Suhomyces_vadensis",1.0026649600905495
"Candida_glabrata","Fungi,Ascomycota,Saccharomycetes,Saccharomycetales,Trichomonascaceae,Blastobotrys,Blastobotrys_adeninivorans",1.000062064640799
"Candida_glabrata","Fungi,Ascomycota,Saccharomycetes,Saccharomycetales,Metschnikowiaceae,NA,[Candida]_pseudoflosculorum",1.0000149539252983
"Candida_glabrata","Fungi,Ascomycota,Saccharomycetes,Saccharomycetales,Debaryomycetaceae,Scheffersomyces,Scheffersomyces_ergatensis",6.0
"Candida_glabrata","Fungi,Ascomycota,Eurotiomycetes,Eurotiales,Trichocomaceae,Talaromyces,Talaromyces_coalescens",1.0013897904865132
"Candida_glabrata","Fungi,Mucoromycota,Glomeromycetes,Diversisporales,Gigasporaceae,Dentiscutata,Dentiscutata_savannicola",2.0
"Candida_glabrata","Fungi,Ascomycota,Pezizomycetes,Pezizales,Morchellaceae,Morchella,Morchella_australiana",4.999513033187073
"Candida_glabrata","Fungi,Basidiomycota,Agaricomycetes,Boletales,Boletaceae,Butyriboletus,Butyriboletus_roseogriseus",1.0
"Candida_glabrata","Fungi,Ascomycota,Saccharomycetes,Saccharomycetales,Dipodascaceae,Yarrowia,Yarrowia_yakushimensis",3.9988021347007794
"Candida_glabrata","Fungi,Basidiomycota,Agaricomycetes,Russulales,Lachnocladiaceae,Vararia,Vararia_breviphysa",5.090567521694818
"Candida_glabrata","Fungi,Ascomycota,Saccharomycetes,Saccharomycetales,Trichomonascaceae,Blastobotrys,Blastobotrys_bombycis",30.28011483263579
"Candida_metapsilosis","Fungi,Ascomycota,Saccharomycetes,Saccharomycetales,Pichiaceae,Ogataea,[Candida]_methanosorbosa",3.2141158942480623
"Candida_metapsilosis","Fungi,Ascomycota,Saccharomycetes,Saccharomycetales,NA,Ambrosiozyma,Ambrosiozyma_llanquihuensis",1.0000026116312881
"Candida_metapsilosis","Fungi,Ascomycota,Saccharomycetes,Saccharomycetales,Pichiaceae,Ogataea,[Candida]_succiphila",1.9999864968093557
"Candida_metapsilosis","Fungi,Ascomycota,Saccharomycetes,Saccharomycetales,Pichiaceae,Ogataea,[Candida]_pini",3.9574621125025837
"Candida_metapsilosis","Fungi,Ascomycota,Saccharomycetes,Saccharomycetales,Debaryomycetaceae,Candida,Candida_orthopsilosis",362.45925661901595
"Candida_metapsilosis","Fungi,Ascomycota,Sordariomycetes,Pleurotheciales,Pleurotheciaceae,Phaeoisaria,Phaeoisaria_loranthacearum",7.3663356919789456
"Candida_metapsilosis","Fungi,Basidiomycota,Pucciniomycetes,Pucciniales,Pucciniaceae,Puccinia,Puccinia_setariae",1.0
"Candida_metapsilosis","Fungi,Ascomycota,Dothideomycetes,Pleosporales,Pleosporaceae,Pyrenophora,Pyrenophora_cynosuri",1.0
"Candida_metapsilosis","Fungi,Ascomycota,Dothideomycetes,Venturiales,Sympoventuriaceae,Verruconis,Verruconis_thailandica",1.0000000001772222
"Candida_metapsilosis","Fungi,Ascomycota,Pezizomycetes,Pezizales,Tuberaceae,Tuber,Tuber_alcaracense",4.002840573636456
"Candida_parapsilosis","Fungi,Ascomycota,Saccharomycetes,Saccharomycetales,Debaryomycetaceae,Candida,Candida_parapsilosis",368.6307686531733
"Candida_parapsilosis","Fungi,Ascomycota,Saccharomycetes,Saccharomycetales,Debaryomycetaceae,Kodamaea,Kodamaea_ohmeri",1.0052083333333333
"Candida_parapsilosis","Fungi,Ascomycota,Saccharomycetes,Saccharomycetales,Dipodascaceae,Dipodascus,Dipodascus_aggregatus",2.0104166487159594
"Candida_parapsilosis","Fungi,Ascomycota,Saccharomycetes,Saccharomycetales,NA,Ambrosiozyma,Ambrosiozyma_llanquihuensis",1.5859592964966414
"Candida_parapsilosis","Fungi,Ascomycota,Saccharomycetes,Saccharomycetales,Debaryomycetaceae,Yamadazyma,[Candida]_vrieseae",2.010431177276342
"Candida_parapsilosis","Fungi,Ascomycota,Saccharomycetes,Saccharomycetales,NA,NA,[Candida]_tocantinsensis",1.0052127451680697
"Candida_parapsilosis","Fungi,Ascomycota,Saccharomycetes,Saccharomycetales,NA,Nakazawaea,Nakazawaea_wyomingensis",1.6949486740842312
"Candida_parapsilosis","Fungi,Ascomycota,Sordariomycetes,Pleurotheciales,Pleurotheciaceae,Phaeoisaria,Phaeoisaria_loranthacearum",8.057054471752059
"Candida_tropicalis","Fungi,Ascomycota,Saccharomycetes,Saccharomycetales,Pichiaceae,Pichia,Pichia_kudriavzevii",1.0
"Candida_tropicalis","Fungi,Ascomycota,Saccharomycetes,Saccharomycetales,Debaryomycetaceae,Candida,Candida_tropicalis",356.83818011003956
"Candida_tropicalis","Fungi,Ascomycota,Saccharomycetes,Saccharomycetales,Pichiaceae,Ogataea,[Candida]_succiphila",4.925431143649596
"Candida_tropicalis","Fungi,Ascomycota,Saccharomycetes,Saccharomycetales,Dipodascaceae,Galactomyces,Galactomyces_citri-aurantii",1.015753495505389
"Candida_tropicalis","Fungi,Ascomycota,Saccharomycetes,Saccharomycetales,Trichomonascaceae,Trichomonascus,[Candida]_mucifera",1.0
"Candida_tropicalis","Fungi,Ascomycota,Sordariomycetes,Pleurotheciales,Pleurotheciaceae,Phaeoisaria,Phaeoisaria_loranthacearum",15.003694852673307
"Candida_tropicalis","Fungi,Ascomycota,Dothideomycetes,Venturiales,Sympoventuriaceae,Verruconis,Verruconis_thailandica",2.0032758405303817
"Candida_tropicalis","Fungi,Ascomycota,Pezizomycetes,Pezizales,Tuberaceae,Tuber,Tuber_alcaracense",1.2136645576019385
"Candida_zeylanoides","Fungi,Ascomycota,Saccharomycetes,Saccharomycetales,Debaryomycetaceae,Kurtzmaniella,[Candida]_zeylanoides",69.92125869365721
"Candida_zeylanoides","Fungi,Ascomycota,Saccharomycetes,Saccharomycetales,Dipodascaceae,Dipodascus,Dipodascus_aggregatus",1.0003487796405326
"Candida_zeylanoides","Fungi,Ascomycota,Saccharomycetes,Saccharomycetales,Metschnikowiaceae,NA,[Candida]_pseudointermedia",7.0733594665427
"Candida_zeylanoides","Fungi,Ascomycota,Saccharomycetes,Saccharomycetales,Phaffomycetaceae,Phaffomyces,[Candida]_orba",2.0308014122297355
"Candida_zeylanoides","Fungi,Ascomycota,Sordariomycetes,Xylariales,Xylariaceae,Coniolariella,Coniolariella_hispanica",1.0
"Candida_zeylanoides","Fungi,Ascomycota,Saccharomycetes,Saccharomycetales,Metschnikowiaceae,NA,[Candida]_pseudoflosculorum",6.45504356096595
"Candida_zeylanoides","Fungi,Ascomycota,Eurotiomycetes,Eurotiales,Aspergillaceae,Aspergillus,Aspergillus_insolitus",1.024404432421816
"Candida_zeylanoides","Fungi,Ascomycota,Pezizomycetes,Pezizales,Morchellaceae,Morchella,Morchella_australiana",9.884167557382595
"Candida_zeylanoides","Fungi,Ascomycota,Saccharomycetes,Saccharomycetales,Dipodascaceae,Yarrowia,Yarrowia_yakushimensis",291.61061609715904
"Cortinarius_globuliformis_CM4","Fungi,Ascomycota,Saccharomycetes,Saccharomycetales,Pichiaceae,Pichia,Pichia_membranifaciens",1.003968253968254
"Cortinarius_globuliformis_CM4","Fungi,Ascomycota,Saccharomycetes,Saccharomycetales,Debaryomycetaceae,Candida,Candida_tropicalis",1.003968253968254
"Cortinarius_globuliformis_CM4","Fungi,Basidiomycota,Agaricomycetes,Russulales,Lachnocladiaceae,Scytinostroma,Scytinostroma_alutum",11.043650793668725
"Cortinarius_globuliformis_CM4","Fungi,Ascomycota,Saccharomycetes,Saccharomycetales,Debaryomycetaceae,Candida,Candida_orthopsilosis",1.003968253968254
"Cortinarius_globuliformis_CM4","Fungi,Basidiomycota,Tremellomycetes,Tremellales,Cryptococcaceae,Cryptococcus,Cryptococcus_bacillisporus",1.003968253968254
"Cortinarius_globuliformis_CM4","Fungi,Basidiomycota,Agaricomycetes,Agaricales,Cortinariaceae,Cortinarius,Cortinarius_persplendidus",94.64156016698257
"Cortinarius_globuliformis_CM4","Fungi,Ascomycota,Dothideomycetes,Cladosporiales,Cladosporiaceae,Neocladosporium,Neocladosporium_leucadendri",1.003968253968254
"Cortinarius_globuliformis_CM4","Fungi,Basidiomycota,Agaricomycetes,Agaricales,Cortinariaceae,Cortinarius,Cortinarius_elaiops",46.66831914144902
"Cortinarius_globuliformis_CM4","Fungi,Basidiomycota,Agaricomycetes,Agaricales,Cortinariaceae,Cortinarius,Cortinarius_ophryx",20.74336637701911
"Cortinarius_globuliformis_CM4","Fungi,Basidiomycota,Agaricomycetes,Agaricales,Cortinariaceae,Cortinarius,Cortinarius_lachanus",6.95047429195075
"Cortinarius_globuliformis_CM4","Fungi,Basidiomycota,Agaricomycetes,Agaricales,Cortinariaceae,Cortinarius,Cortinarius_cruentoides",32.81909166617294
"Cortinarius_globuliformis_CM4","Fungi,Basidiomycota,Agaricomycetes,Agaricales,Cortinariaceae,Cortinarius,Cortinarius_xenosmatoides",4.50844169529215
"Cortinarius_globuliformis_CM4","Fungi,Basidiomycota,Agaricomycetes,Agaricales,Cortinariaceae,Cortinarius,Cortinarius_mycenarum",6.078479800795797
"Cortinarius_globuliformis_CM4","Fungi,Basidiomycota,Agaricomycetes,Agaricales,Cortinariaceae,Cortinarius,Cortinarius_stenophryx",24.526774796827667
"Cryptococcus_gattii_VG_I","Fungi,Ascomycota,Saccharomycetes,Saccharomycetales,Debaryomycetaceae,Candida,Candida_tropicalis",1.0028818443804033
"Cryptococcus_gattii_VG_I","Fungi,Ascomycota,Leotiomycetes,Helotiales,Sclerotiniaceae,Botryotinia,Botryotinia_ranunculi",1.0028818443804033
"Cryptococcus_gattii_VG_I","Fungi,Ascomycota,Saccharomycetes,Saccharomycetales,Trichomonascaceae,Blastobotrys,Blastobotrys_adeninivorans",1.0028818443804033
"Cryptococcus_gattii_VG_I","Fungi,Basidiomycota,Tremellomycetes,Tremellales,Cryptococcaceae,Cryptococcus,Cryptococcus_bacillisporus",343.9884726224784
"Cryptococcus_gattii_VG_I","Fungi,Ascomycota,Sordariomycetes,Xylariales,Xylariaceae,Coniolariella,Coniolariella_hispanica",1.0028818443804033
"Cryptococcus_neoformans_VN_IIII","Fungi,Basidiomycota,Tremellomycetes,Tremellales,Cryptococcaceae,Cryptococcus,Cryptococcus_neoformans",23.999984450181508
"Cryptococcus_neoformans_VN_IIII","Fungi,Basidiomycota,Tremellomycetes,Tremellales,Cryptococcaceae,Cryptococcus,Cryptococcus_neoformans_var._grubii",2.000007736498648
"Cryptococcus_neoformans_VN_IIII","Fungi,Ascomycota,Saccharomycetes,Saccharomycetales,Debaryomycetaceae,Candida,Candida_orthopsilosis",1.0
"Cryptococcus_neoformans_VN_IIII","Fungi,Basidiomycota,Tremellomycetes,Tremellales,Cryptococcaceae,Cryptococcus,Cryptococcus_bacillisporus",360.0000078133199
"Cryptovalsa_ampelina","Fungi,Ascomycota,Sordariomycetes,Xylariales,Hypoxylaceae,Daldinia,Daldinia_bambusicola",10.029370016628171
"Cryptovalsa_ampelina","Fungi,Ascomycota,Sordariomycetes,Xylariales,Diatrypaceae,Eutypella,Eutypella_parasitica",103.82215728419577
"Cryptovalsa_ampelina","Fungi,Ascomycota,Sordariomycetes,Xylariales,Sporocadaceae,Discosia,Discosia_pseudoartocreas",6.584773352437383
"Cryptovalsa_ampelina","Fungi,Ascomycota,Sordariomycetes,Xylariales,Xylariaceae,Lopadostoma,Lopadostoma_fagi",6.170885399972919
"Cryptovalsa_ampelina","Fungi,Ascomycota,Sordariomycetes,Hypocreales,Nectriaceae,Thyronectria,Thyronectria_caudata",2.0
"Cryptovalsa_ampelina","Fungi,Ascomycota,Dothideomycetes,Mycosphaerellales,Mycosphaerellaceae,Pseudocercospora,Pseudocercospora_sennae-multijugae",2.9870221706016755
"Cryptovalsa_ampelina","Fungi,Ascomycota,Sordariomycetes,Xylariales,Sporocadaceae,Seiridium,Seiridium_marginatum",86.24434203453663
"Cryptovalsa_ampelina","Fungi,Ascomycota,Pezizomycetes,Pezizales,Morchellaceae,Morchella,Morchella_hispaniolensis",1.0
"Cryptovalsa_ampelina","Fungi,Ascomycota,Dothideomycetes,Venturiales,Sympoventuriaceae,Verruconis,Verruconis_thailandica",2.0129803972580014
"Cryptovalsa_ampelina","Fungi,Ascomycota,Sordariomycetes,Xylariales,Diatrypaceae,Diatrypella,Diatrypella_betulicola",113.95926275024377
"Cryptovalsa_ampelina","Fungi,Ascomycota,Sordariomycetes,Xylariales,Diatrypaceae,Diatrype,Diatrype_lancangensis",42.32249931402017
"Cryptovalsa_ampelina","Fungi,Ascomycota,Sordariomycetes,Xylariales,Diatrypaceae,Diatrypella,Diatrypella_pseudooregonensis",6.866707280105466
"Diaporthe_sp_CCL067","Fungi,Ascomycota,Saccharomycetes,Saccharomycetales,Debaryomycetaceae,Candida,Candida_africana",1.0077519379844961
"Diaporthe_sp_CCL067","Fungi,Ascomycota,Leotiomycetes,Helotiales,Sclerotiniaceae,Botryotinia,Botryotinia_ranunculi",1.0077519379844961
"Diaporthe_sp_CCL067","Fungi,Ascomycota,Sordariomycetes,Diaporthales,Gnomoniaceae,Gnomoniopsis,Gnomoniopsis_paraclavulata",381.9373450572328
"Diaporthe_sp_CCL067","Fungi,Ascomycota,Sordariomycetes,Diaporthales,Gnomoniaceae,Gnomoniopsis,Gnomoniopsis_smithogilvyi",6.0471510667982376
"Diplodia_seriata","Fungi,Ascomycota,Saccharomycetes,Saccharomycetales,Debaryomycetaceae,Kodamaea,Kodamaea_kakaduensis",5.309331913123192
"Diplodia_seriata","Fungi,Ascomycota,Saccharomycetes,Saccharomycetales,Metschnikowiaceae,Metschnikowia,Metschnikowia_vanudenii",2.0
"Diplodia_seriata","Fungi,Ascomycota,Dothideomycetes,Botryosphaeriales,Botryosphaeriaceae,Lasiodiplodia,[Diplodia]_cajani",1.0
"Diplodia_seriata","Fungi,Ascomycota,Dothideomycetes,Botryosphaeriales,Botryosphaeriaceae,Diplodia,Diplodia_seriata",363.2076859121988
"Diplodia_seriata","Fungi,Ascomycota,Dothideomycetes,Botryosphaeriales,Botryosphaeriaceae,Diplodia,Diplodia_intermedia",8.482982174678169
"Diplodia_seriata","Fungi,Ascomycota,Dothideomycetes,Botryosphaeriales,Botryosphaeriaceae,Mucoharknessia,Mucoharknessia_cortaderiae",2.0
"Entoleuca_sp_CCL052","Fungi,Ascomycota,Saccharomycetes,Saccharomycetales,Saccharomycetaceae,Kluyveromyces,Kluyveromyces_marxianus",1.0026385224274406
"Entoleuca_sp_CCL052","Fungi,Ascomycota,Saccharomycetes,Saccharomycetales,Debaryomycetaceae,Candida,Candida_parapsilosis",1.0026385224274406
"Entoleuca_sp_CCL052","Fungi,Ascomycota,Sordariomycetes,Microascales,Microascaceae,Scedosporium,Scedosporium_aurantiacum",1.0026385224274406
"Entoleuca_sp_CCL052","Fungi,Ascomycota,Sordariomycetes,Xylariales,Xylariaceae,Coniolariella,Coniolariella_hispanica",328.5995178762971
"Entoleuca_sp_CCL052","Fungi,Ascomycota,Saccharomycetes,Saccharomycetales,Metschnikowiaceae,NA,[Candida]_pseudoflosculorum",1.0026385224274406
"Entoleuca_sp_CCL052","Fungi,Ascomycota,Sordariomycetes,Meliolales,Meliolaceae,Meliola,Meliola_pottsiae",22.97053478311202
"Entoleuca_sp_CCL052","Fungi,Ascomycota,Dothideomycetes,Venturiales,Sympoventuriaceae,Verruconis,Verruconis_thailandica",2.999349364651895
"Entoleuca_sp_CCL052","Fungi,Ascomycota,Eurotiomycetes,Chaetothyriales,Trichomeriaceae,Incumbomyces,Incumbomyces_lentus",21.42004388622911
"Erysiphe_necator","Fungi,Ascomycota,Eurotiomycetes,Eurotiales,Trichocomaceae,Thermomyces,Thermomyces_dupontii",3.0000019643025837
"Erysiphe_necator","Fungi,Ascomycota,Eurotiomycetes,Eurotiales,Aspergillaceae,Penicillium,Penicillium_olsonii",1.0
"Erysiphe_necator","Fungi,Basidiomycota,Ustilaginomycetes,Ustilaginales,Ustilaginaceae,Sporisorium,Sporisorium_graminicola",1.0
"Erysiphe_necator","Fungi,Ascomycota,Dothideomycetes,Pleosporales,Pleosporaceae,Alternaria,Alternaria_multiformis",2.4797918231475427
"Erysiphe_necator","Fungi,Ascomycota,Dothideomycetes,Pleosporales,Pleosporaceae,Alternaria,Alternaria_terricola",2.4797918231475427
"Erysiphe_necator","Fungi,Ascomycota,Dothideomycetes,Pleosporales,Pleosporaceae,Alternaria,Alternaria_subcucurbitae",1.1306015512500498
"Erysiphe_necator","Fungi,Ascomycota,Leotiomycetes,Helotiales,Dermateaceae,Coleophoma,Coleophoma_eucalypticola",2.0
"Erysiphe_necator","Fungi,Ascomycota,Dothideomycetes,Pleosporales,Pleosporaceae,Alternaria,Alternaria_sorghi",1.154934174006921
"Erysiphe_necator","Fungi,Ascomycota,Sordariomycetes,Hypocreales,Cordycipitaceae,Leptobacillium,Leptobacillium_chinense",2.0
"Erysiphe_necator","Fungi,Ascomycota,Leotiomycetes,Erysiphales,Erysiphaceae,Erysiphe,Erysiphe_viburni-plicati",126.02537815211906
"Erysiphe_necator","Fungi,Ascomycota,Leotiomycetes,NA,Pseudeurotiaceae,Pseudogymnoascus,Pseudogymnoascus_hyalinus",3.0003908226272857
"Erysiphe_necator","Fungi,Ascomycota,Leotiomycetes,Erysiphales,Erysiphaceae,Erysiphe,Erysiphe_aucubae",1.0127114990344626
"Erysiphe_necator","Fungi,Ascomycota,Dothideomycetes,Mycosphaerellales,Phaeothecoidiellaceae,Chaetothyrina,Chaetothyrina_guttulata",1.0
"Erysiphe_necator","Fungi,Ascomycota,Leotiomycetes,Erysiphales,Erysiphaceae,Erysiphe,Erysiphe_intermedia",70.6416981330124
"Erysiphe_necator","Fungi,Ascomycota,Leotiomycetes,Erysiphales,Erysiphaceae,Erysiphe,Erysiphe_ipomoeae",1.060280768939362
"Erysiphe_necator","Fungi,Ascomycota,Leotiomycetes,Erysiphales,Erysiphaceae,Erysiphe,Erysiphe_deutziicola",1.0099237456916506
"Erysiphe_necator","Fungi,Ascomycota,Leotiomycetes,Erysiphales,Erysiphaceae,Erysiphe,Erysiphe_capreae",1.000000000000004
"Erysiphe_necator","Fungi,Ascomycota,Leotiomycetes,Erysiphales,Erysiphaceae,Erysiphe,Erysiphe_coryli-americanae",91.30176387197007
"Erysiphe_necator","Fungi,Ascomycota,Leotiomycetes,Erysiphales,Erysiphaceae,Erysiphe,Erysiphe_pseudocorylacearum",2.945917196364517
"Erysiphe_necator","Fungi,Ascomycota,Leotiomycetes,Erysiphales,Erysiphaceae,Erysiphe,Erysiphe_ostryae",1.0019338464562202
"Erysiphe_necator","Fungi,Ascomycota,Leotiomycetes,Erysiphales,Erysiphaceae,Erysiphe,Erysiphe_lupini",21.99999999948235
"Erysiphe_necator","Fungi,Ascomycota,Dothideomycetes,Pleosporales,Didymosphaeriaceae,Deniquelata,Deniquelata_macphersoniae",2.7548806284479435
"Eutypa_lata","Fungi,Ascomycota,Sordariomycetes,Diaporthales,Gnomoniaceae,Gnomoniopsis,Gnomoniopsis_paraclavulata",2.9999999999999996
"Eutypa_lata","Fungi,Ascomycota,Sordariomycetes,Xylariales,Xylariaceae,Coniolariella,Coniolariella_hispanica",1.0
"Eutypa_lata","Fungi,Ascomycota,Dothideomycetes,Venturiales,Sympoventuriaceae,Verruconis,Verruconis_thailandica",2.0
"Eutypa_lata","Fungi,Ascomycota,Sordariomycetes,Xylariales,Diatrypaceae,Eutypa,Eutypa_cerasi",2.6765522502880663
"Eutypa_lata","Fungi,Ascomycota,Sordariomycetes,Xylariales,Diatrypaceae,Eutypa,Eutypa_camelliae",374.32344774971193
"Fusarium_proliferatum","Fungi,Ascomycota,Sordariomycetes,Hypocreales,Nectriaceae,Fusarium,Fusarium_fujikuroi",37.37483666479258
"Fusarium_proliferatum","Fungi,Ascomycota,Saccharomycetes,Saccharomycetales,Debaryomycetaceae,Yamadazyma,Yamadazyma_scolyti",1.0025839793281655
"Fusarium_proliferatum","Fungi,Ascomycota,Sordariomycetes,Hypocreales,Nectriaceae,Fusarium,Fusarium_concentricum",257.16193827853397
"Fusarium_proliferatum","Fungi,Ascomycota,Saccharomycetes,Saccharomycetales,Phaffomycetaceae,Phaffomyces,[Candida]_orba",1.0025839793281655
"Fusarium_proliferatum","Fungi,Ascomycota,Saccharomycetes,Saccharomycetales,Debaryomycetaceae,Yamadazyma,[Candida]_vrieseae",1.0025839793281655
"Fusarium_proliferatum","Fungi,Chytridiomycota,Chytridiomycetes,Gromochytriales,Gromochytriaceae,Gromochytrium,Gromochytrium_mamkaevae",1.0025839793281655
"Fusarium_proliferatum","Fungi,Ascomycota,Sordariomycetes,Hypocreales,NA,Pseudoacremonium,Pseudoacremonium_sacchari",1.0025965702335191
"Fusarium_proliferatum","Fungi,Ascomycota,Sordariomycetes,Hypocreales,Nectriaceae,Paracremonium,Paracremonium_binnewijzendii",1.0164392873093122
"Fusarium_proliferatum","Fungi,Ascomycota,Sordariomycetes,Hypocreales,Nectriaceae,Fusarium,Fusarium_hechiense",60.96692213945644
"Fusarium_proliferatum","Fungi,Ascomycota,Sordariomycetes,Hypocreales,Nectriaceae,Fusarium,Fusarium_elaeagni",26.466931142360863
"Fusarium_pseudograminearum","Fungi,Ascomycota,Saccharomycetes,Saccharomycetales,Saccharomycetaceae,Kluyveromyces,Kluyveromyces_marxianus",1.0
"Fusarium_pseudograminearum","Fungi,Ascomycota,Saccharomycetes,Saccharomycetales,Debaryomycetaceae,Kurtzmaniella,[Candida]_boleticola",1.0
"Fusarium_pseudograminearum","Fungi,Ascomycota,Sordariomycetes,Hypocreales,Nectriaceae,Fusarium,Fusarium_pseudograminearum",380.0
"Fusarium_pseudograminearum","Fungi,Ascomycota,Sordariomycetes,Sordariales,Chaetomiaceae,Amesia,Amesia_dreyfussii",2.0
"Fusarium_pseudograminearum","Fungi,Basidiomycota,Ustilaginomycetes,Ustilaginales,Ustilaginaceae,Sporisorium,Sporisorium_graminicola",2.0
"Fusarium_pseudograminearum","Fungi,Mucoromycota,Mucoromycetes,Mucorales,Mucoraceae,Mucor,Mucor_griseocyanus",6.0
"Fusarium_pseudograminearum","Fungi,Ascomycota,Saccharomycetes,Saccharomycetales,Dipodascaceae,Yarrowia,Yarrowia_yakushimensis",1.0
"Geotrichum_candidum","Fungi,Ascomycota,Saccharomycetes,Saccharomycetales,Saccharomycetaceae,Kluyveromyces,Kluyveromyces_marxianus",1.0025974025974025
"Geotrichum_candidum","Fungi,Ascomycota,Saccharomycetes,Saccharomycetales,Metschnikowiaceae,Metschnikowia,Metschnikowia_vanudenii",1.2141233289906277
"Geotrichum_candidum","Fungi,Ascomycota,Dothideomycetes,Mycosphaerellales,Dissoconiaceae,Dissoconium,Dissoconium_proteae",8.98952587261189
"Geotrichum_candidum","Fungi,Basidiomycota,Tremellomycetes,Tremellales,Cryptococcaceae,Cryptococcus,Cryptococcus_bacillisporus",1.0025974025974025
"Geotrichum_candidum","Fungi,Ascomycota,Eurotiomycetes,Chaetothyriales,Cyphellophoraceae,Cyphellophora,Cyphellophora_eucalypti",48.95955080519081
"Geotrichum_candidum","Fungi,Ascomycota,Saccharomycetes,Saccharomycetales,Dipodascaceae,Magnusiomyces,Magnusiomyces_capitatus",215.85848661522922
"Geotrichum_candidum","Fungi,Ascomycota,Saccharomycetes,Saccharomycetales,Debaryomycetaceae,Yamadazyma,Yamadazyma_mexicana",1.0025974025974025
"Geotrichum_candidum","Fungi,Ascomycota,Pezizomycetes,Pezizales,Morchellaceae,Morchella,Morchella_australiana",3.0077443863528117
"Geotrichum_candidum","Fungi,Ascomycota,Saccharomycetes,Saccharomycetales,Dipodascaceae,Yarrowia,Yarrowia_yakushimensis",7.023292486334664
"Geotrichum_candidum","Fungi,Ascomycota,Sordariomycetes,Pleurotheciales,Pleurotheciaceae,Phaeoisaria,Phaeoisaria_loranthacearum",78.90873043868996
"Geotrichum_candidum","Fungi,Ascomycota,Saccharomycetes,Saccharomycetales,Trichomonascaceae,Sugiyamaella,Sugiyamaella_ayubii",1.1145789318335533
"Geotrichum_candidum","Fungi,Ascomycota,Saccharomycetes,Saccharomycetales,Metschnikowiaceae,Metschnikowia,Metschnikowia_amazonensis",16.91357752437664
"Geotrichum_candidum","Fungi,Basidiomycota,Tremellomycetes,Tremellales,Cuniculitremaceae,Kockovaella,Kockovaella_nitrophila",1.0025974025974025
"Kluyveromyces_lactis","Fungi,Ascomycota,Saccharomycetes,Saccharomycetales,Debaryomycetaceae,Candida,Candida_albicans",72.09890660988373
"Kluyveromyces_lactis","Fungi,Ascomycota,Saccharomycetes,Saccharomycetales,Debaryomycetaceae,Kurtzmaniella,[Candida]_boleticola",1.0
"Kluyveromyces_lactis","Fungi,Basidiomycota,Agaricomycetes,Russulales,Lachnocladiaceae,Scytinostroma,Scytinostroma_alutum",2.143464171419017
"Kluyveromyces_lactis","Fungi,Ascomycota,Saccharomycetes,Saccharomycetales,Debaryomycetaceae,Candida,Candida_africana",293.3026683238462
"Kluyveromyces_lactis","Fungi,Ascomycota,Archaeorhizomycetes,Archaeorhizomycetales,Archaeorhizomycetaceae,Archaeorhizomyces,Archaeorhizomyces_borealis",1.0
"Kluyveromyces_lactis","Fungi,Basidiomycota,Agaricomycetes,Russulales,Peniophoraceae,Peniophora,Peniophora_molesta",7.164664513918737
"Kluyveromyces_lactis","Fungi,Basidiomycota,Agaricomycetes,Russulales,Lachnocladiaceae,Vararia,Vararia_breviphysa",2.290296380932355
"Kluyveromyces_marxianus","Fungi,Ascomycota,Saccharomycetes,Saccharomycetales,Saccharomycetaceae,Kluyveromyces,Kluyveromyces_marxianus",357.9637816935808
"Kluyveromyces_marxianus","Fungi,Ascomycota,Eurotiomycetes,Eurotiales,Trichocomaceae,Thermomyces,Thermomyces_dupontii",2.000604197644903
"Kluyveromyces_marxianus","Fungi,Ascomycota,Saccharomycetes,Saccharomycetales,Debaryomycetaceae,Kodamaea,Kodamaea_ohmeri",1.0
"Kluyveromyces_marxianus","Fungi,Ascomycota,Eurotiomycetes,Chaetothyriales,Herpotrichiellaceae,Exophiala,Exophiala_salmonis",1.0001835916587853
"Kluyveromyces_marxianus","Fungi,Ascomycota,Saccharomycetes,Saccharomycetales,Saccharomycopsidaceae,Saccharomycopsis,Saccharomycopsis_crataegensis",1.0
"Kluyveromyces_marxianus","Fungi,Ascomycota,Saccharomycetes,Saccharomycetales,Saccharomycetaceae,Eremothecium,Eremothecium_sinecaudum",1.4970597228971123
"Kluyveromyces_marxianus","Fungi,Basidiomycota,Agaricomycetes,Russulales,Lachnocladiaceae,Scytinostroma,Scytinostroma_alutum",1.0000000000645732
"Kluyveromyces_marxianus","Fungi,Ascomycota,Saccharomycetes,Saccharomycetales,Saccharomycetaceae,Saccharomyces,Saccharomyces_uvarum",1.5383418725391502
"Kluyveromyces_marxianus","Fungi,Ascomycota,Saccharomycetes,Saccharomycetales,Metschnikowiaceae,NA,[Candida]_asparagi",1.9999999999999953
"Kluyveromyces_marxianus","Fungi,Ascomycota,Saccharomycetes,Saccharomycetales,Debaryomycetaceae,Candida,Candida_orthopsilosis",1.0
"Kluyveromyces_marxianus","Fungi,Ascomycota,Saccharomycetes,Saccharomycetales,Debaryomycetaceae,Suhomyces,Suhomyces_vadensis",1.9999999987269708
"Kluyveromyces_marxianus","Fungi,Ascomycota,Saccharomycetes,Saccharomycetales,Saccharomycetaceae,Lachancea,Lachancea_nothofagi",2.0
"Kluyveromyces_marxianus","Fungi,Ascomycota,Eurotiomycetes,Eurotiales,Aspergillaceae,Aspergillus,Aspergillus_insolitus",1.000055306212754
"Kluyveromyces_marxianus","Fungi,Ascomycota,Eurotiomycetes,Eurotiales,Trichocomaceae,Talaromyces,Talaromyces_thailandensis",2.0000013461026307
"Kluyveromyces_marxianus","Fungi,Ascomycota,Saccharomycetes,Saccharomycetales,Dipodascaceae,Yarrowia,Yarrowia_yakushimensis",2.9999722705706544
"Kluyveromyces_marxianus","Fungi,Ascomycota,Dothideomycetes,NA,Micropeltidaceae,Micropeltis,Micropeltis_amomi",2.0000000000018554
"Kluyveromyces_marxianus","Fungi,Ascomycota,Dothideomycetes,Venturiales,Sympoventuriaceae,Verruconis,Verruconis_thailandica",1.0
"Kodamaea_ohmeri","Fungi,Ascomycota,Saccharomycetes,Saccharomycetales,Debaryomycetaceae,Kodamaea,Kodamaea_ohmeri",380.99216710182765
"Kodamaea_ohmeri","Fungi,Ascomycota,Saccharomycetes,Saccharomycetales,Debaryomycetaceae,Kurtzmaniella,[Candida]_boleticola",1.0026109660574414
"Kodamaea_ohmeri","Fungi,Ascomycota,Saccharomycetes,Saccharomycetales,Debaryomycetaceae,Candida,Candida_africana",1.0026109660574414
"Kodamaea_ohmeri","Fungi,Basidiomycota,Ustilaginomycetes,Ustilaginales,Ustilaginaceae,Sporisorium,Sporisorium_graminicola",1.0026109660574414
"Leptosphaeria_maculans","Fungi,Ascomycota,Dothideomycetes,Pleosporales,Leptosphaeriaceae,Plenodomus,Plenodomus_lingam",373.32995989665307
"Leptosphaeria_maculans","Fungi,Ascomycota,Lecanoromycetes,Ostropales,Stictidaceae,Cyanodermella,Cyanodermella_oleoligni",2.0
"Leptosphaeria_maculans","Fungi,Ascomycota,Dothideomycetes,Pleosporales,Didymosphaeriaceae,Deniquelata,Deniquelata_macphersoniae",15.67004010334687
"Penicillium_chrysogenum","Fungi,Ascomycota,Eurotiomycetes,Eurotiales,Aspergillaceae,Penicillium,Penicillium_gladioli",1.0022873061023854
"Penicillium_chrysogenum","Fungi,Ascomycota,Eurotiomycetes,Eurotiales,Aspergillaceae,Penicillium,Penicillium_palitans",5.027635489617061
"Penicillium_chrysogenum","Fungi,Ascomycota,Eurotiomycetes,Eurotiales,Aspergillaceae,Penicillium,Penicillium_fuscoglaucum",29.147102524532688
"Penicillium_chrysogenum","Fungi,Ascomycota,Sordariomycetes,Diaporthales,Gnomoniaceae,Gnomoniopsis,Gnomoniopsis_paraclavulata",1.0
"Penicillium_chrysogenum","Fungi,Ascomycota,Eurotiomycetes,Eurotiales,Aspergillaceae,Penicillium,Penicillium_rubens",141.99978631733393
"Penicillium_chrysogenum","Fungi,Ascomycota,Eurotiomycetes,Eurotiales,Aspergillaceae,Penicillium,Penicillium_vanoranjei",1.0000000021110413
"Penicillium_chrysogenum","Fungi,Ascomycota,Saccharomycetes,Saccharomycetales,Dipodascaceae,Yarrowia,Yarrowia_yakushimensis",1.0
"Penicillium_chrysogenum","Fungi,Ascomycota,Eurotiomycetes,Eurotiales,Aspergillaceae,Penicillium,Penicillium_fimorum",186.82318836030288
"Pichia_kudriavzevii","Fungi,Ascomycota,Saccharomycetes,Saccharomycetales,Pichiaceae,Pichia,Pichia_kudriavzevii",366.7679297569288
"Pichia_kudriavzevii","Fungi,Ascomycota,Saccharomycetes,Saccharomycetales,Phaffomycetaceae,Phaffomyces,[Candida]_orba",1.9999881004437918
"Pichia_kudriavzevii","Fungi,Ascomycota,Saccharomycetes,Saccharomycetales,Debaryomycetaceae,Candida,Candida_africana",3.001691733069781
"Pichia_kudriavzevii","Fungi,Ascomycota,Saccharomycetes,Saccharomycetales,Pichiaceae,Saturnispora,Saturnispora_hagleri",2.662202093771557
"Pichia_kudriavzevii","Fungi,Ascomycota,Saccharomycetes,Saccharomycetales,NA,Starmerella,Starmerella_riodocensis",1.4262323923927624
"Pichia_kudriavzevii","Fungi,Ascomycota,Saccharomycetes,Saccharomycetales,Pichiaceae,Saturnispora,Saturnispora_serradocipensis",1.3311402302286492
"Pichia_kudriavzevii","Fungi,Ascomycota,Saccharomycetes,Saccharomycetales,Debaryomycetaceae,Yamadazyma,[Candida]_oceani",8.810815693164688
"Pichia_membranifaciens","Fungi,Ascomycota,Saccharomycetes,Saccharomycetales,Saccharomycetaceae,Kluyveromyces,Kluyveromyces_marxianus",1.00354609929078
"Pichia_membranifaciens","Fungi,Ascomycota,Saccharomycetes,Saccharomycetales,Pichiaceae,Pichia,Pichia_membranifaciens",141.04221713525087
"Pichia_membranifaciens","Fungi,Ascomycota,Saccharomycetes,Saccharomycetales,Phaffomycetaceae,Phaffomyces,[Candida]_orba",4.1385712153522825
"Pichia_membranifaciens","Fungi,Ascomycota,Saccharomycetes,Saccharomycetales,Debaryomycetaceae,Candida,Candida_africana",1.00354609929078
"Pichia_membranifaciens","Fungi,Ascomycota,Saccharomycetes,Saccharomycetales,Pichiaceae,Pichia,[Candida]_californica",1.00354609929078
"Pichia_membranifaciens","Fungi,Ascomycota,Eurotiomycetes,Eurotiales,Aspergillaceae,Penicillium,Penicillium_arianeae",2.1610227713709356
"Pichia_membranifaciens","Fungi,Ascomycota,Sordariomycetes,Xylariales,Xylariaceae,Lopadostoma,Lopadostoma_meridionale",103.26927976360267
"Pichia_membranifaciens","Fungi,Ascomycota,Dothideomycetes,Venturiales,Sympoventuriaceae,Verruconis,Verruconis_thailandica",29.378270816550792
"Puccinia_graminis","Fungi,Basidiomycota,Pucciniomycetes,Pucciniales,Pucciniaceae,Puccinia,Puccinia_chunjiei",256.9974832778074
"Puccinia_graminis","Fungi,Basidiomycota,Ustilaginomycetes,Urocystidales,Floromycetaceae,Antherospora,Antherospora_tractemae",2.499999999903072
"Puccinia_graminis","Fungi,Ascomycota,Dothideomycetes,Cladosporiales,Cladosporiaceae,Cladosporium,Cladosporium_cycadicola",2.0
"Puccinia_graminis","Fungi,Basidiomycota,Malasseziomycetes,Malasseziales,Malasseziaceae,Malassezia,Malassezia_vespertilionis",2.499999999903072
"Puccinia_graminis","Fungi,Basidiomycota,Pucciniomycetes,Pucciniales,Pucciniaceae,Puccinia,Puccinia_xinyuanensis",120.00251672238639
"Puccinia_striiformis_var_tritici","Fungi,Basidiomycota,Agaricomycetes,Cantharellales,Hydnaceae,Clavulina,Clavulina_pakaraimensis",1.999999726733436
"Puccinia_striiformis_var_tritici","Fungi,Basidiomycota,Pucciniomycetes,Pucciniales,Pucciniaceae,Puccinia,Puccinia_aizazii",379.0
"Puccinia_striiformis_var_tritici","Fungi,Basidiomycota,Pucciniomycetes,Pucciniales,Milesinaceae,Milesina,Milesina_woodwardiana",1.0
"Puccinia_striiformis_var_tritici","Fungi,Basidiomycota,Pucciniomycetes,Pucciniales,Pucciniaceae,Puccinia,Puccinia_xinyuanensis",1.0
"Puccinia_striiformis_var_tritici","Fungi,Basidiomycota,Agaricomycetes,Agaricales,Omphalotaceae,Gymnopus,Gymnopus_macrosporus",7.000000273266563
"Puccinia_triticina","Fungi,Mucoromycota,Glomeromycetes,Diversisporales,Diversisporaceae,Diversispora,Diversispora_spurca",207.4520262568514
"Puccinia_triticina","Fungi,Basidiomycota,Agaricomycetes,Cantharellales,Hydnaceae,Clavulina,Clavulina_monodiminutiva",19.276173367087225
"Puccinia_triticina","Fungi,Basidiomycota,Agaricomycetes,Cantharellales,Hydnaceae,Clavulina,Clavulina_pakaraimensis",3.8671856158438995
"Puccinia_triticina","Fungi,Chytridiomycota,Chytridiomycetes,Gromochytriales,Gromochytriaceae,Gromochytrium,Gromochytrium_mamkaevae",2.776290771699656
"Puccinia_triticina","Fungi,Basidiomycota,Ustilaginomycetes,Urocystidales,Glomosporiaceae,Thecaphora,Thecaphora_australiensis",3.3320138933127796
"Puccinia_triticina","Fungi,Basidiomycota,Agaricomycetes,Corticiales,Corticiaceae,Bryoclavula,Bryoclavula_phycophila",6.113082050179843
"Puccinia_triticina","Fungi,Basidiomycota,Pucciniomycetes,Pucciniales,Pucciniaceae,Puccinia,Puccinia_xinyuanensis",1.0026315789473683
"Puccinia_triticina","Fungi,Basidiomycota,Pucciniomycetes,Pucciniales,Pucciniaceae,Puccinia,Puccinia_oncospora",134.17228086797178
"Puccinia_triticina","Fungi,Basidiomycota,Agaricomycetes,Agaricales,Omphalotaceae,Gymnopus,Gymnopus_macrosporus",2.005684019158289
"Puccinia_triticina","Fungi,Basidiomycota,Agaricomycetes,Cantharellales,Hydnaceae,Hydnum,Hydnum_reginae",1.0026315789473683
"Pyrenophora_tritici-repentis","Fungi,Ascomycota,Saccharomycetes,Saccharomycetales,Saccharomycetaceae,Kluyveromyces,Kluyveromyces_marxianus",2.0
"Pyrenophora_tritici-repentis","Fungi,Ascomycota,Sordariomycetes,Lulworthiales,Lulworthiaceae,Lindra,Lindra_obtusa",1.0165805089497912
"Pyrenophora_tritici-repentis","Fungi,Ascomycota,Pezizomycetes,Pezizales,Morchellaceae,Morchella,Morchella_australiana",28.689213654599786
"Pyrenophora_tritici-repentis","Fungi,Ascomycota,Sordariomycetes,Pleurotheciales,Pleurotheciaceae,Phaeoisaria,Phaeoisaria_loranthacearum",1.0
"Pyrenophora_tritici-repentis","Fungi,Ascomycota,Dothideomycetes,Pleosporales,Pleosporaceae,Curvularia,Curvularia_beasleyi",3.0
"Pyrenophora_tritici-repentis","Fungi,Ascomycota,Dothideomycetes,Pleosporales,Pleosporaceae,Pyrenophora,Pyrenophora_cynosuri",294.29370312951613
"Pyrenophora_tritici-repentis","Fungi,Ascomycota,Dothideomycetes,Pleosporales,Pleosporaceae,Pyrenophora,Pyrenophora_variabilis",1.0005027069342167
"Pyrenophora_tritici-repentis","Fungi,Ascomycota,Dothideomycetes,Pleosporales,Pleosporaceae,Curvularia,Curvularia_fraserae",2.0
"Quambalaria_cyanescens_CCL055","Fungi,Mucoromycota,Glomeromycetes,Diversisporales,Diversisporaceae,Diversispora,Diversispora_spurca",182.0468720919154
"Quambalaria_cyanescens_CCL055","Fungi,Basidiomycota,Exobasidiomycetes,Microstromatales,Quambalariaceae,Quambalaria,Quambalaria_cyanescens",128.82306719392773
"Quambalaria_cyanescens_CCL055","Fungi,Basidiomycota,Exobasidiomycetes,Microstromatales,Quambalariaceae,Quambalaria,Quambalaria_simpsonii",5.051561204685746
"Quambalaria_cyanescens_CCL055","Fungi,Mucoromycota,Glomeromycetes,Diversisporales,Gigasporaceae,Dentiscutata,Dentiscutata_savannicola",14.358335029250629
"Quambalaria_cyanescens_CCL055","Fungi,Chytridiomycota,Chytridiomycetes,Gromochytriales,Gromochytriaceae,Gromochytrium,Gromochytrium_mamkaevae",15.71786098994057
"Quambalaria_cyanescens_CCL055","Fungi,Chytridiomycota,Neocallimastigomycetes,Neocallimastigales,Neocallimastigaceae,Feramyces,Feramyces_austinii",3.0023034902798273
"Rhodotorula_mucilaginosa","Fungi,Basidiomycota,Microbotryomycetes,Sporidiobolales,Sporidiobolaceae,Rhodotorula,Rhodotorula_mucilaginosa",295.6620982476674
"Rhodotorula_mucilaginosa","Fungi,Basidiomycota,Microbotryomycetes,Sporidiobolales,Sporidiobolaceae,Rhodotorula,Rhodotorula_alborubescens",67.3573799127334
"Rhodotorula_mucilaginosa","Fungi,Basidiomycota,Microbotryomycetes,Sporidiobolales,Sporidiobolaceae,Rhodosporidiobolus,Rhodosporidiobolus_azoricus",1.0
"Rhodotorula_mucilaginosa","Fungi,Basidiomycota,Agaricomycetes,Boletales,Boletaceae,Butyriboletus,Butyriboletus_roseogriseus",3.000000000001629
"Rhodotorula_mucilaginosa","Fungi,Basidiomycota,Ustilaginomycetes,Ustilaginales,Ustilaginaceae,Pseudozyma,Pseudozyma_pruni",1.0
"Rhodotorula_mucilaginosa","Fungi,Basidiomycota,Agaricomycetes,Corticiales,Corticiaceae,Subulicystidium,Subulicystidium_harpagum",1.0
"Rhodotorula_mucilaginosa","Fungi,Basidiomycota,Microbotryomycetes,Sporidiobolales,Sporidiobolaceae,Rhodotorula,Rhodotorula_frigidialcoholis",1.8076149691839944
"Rhodotorula_mucilaginosa","Fungi,Basidiomycota,Microbotryomycetes,Sporidiobolales,Sporidiobolaceae,Rhodotorula,Rhodotorula_mackellarae",19.172906870413495
"Scedosporium_aurantiacum","Fungi,Ascomycota,Saccharomycetes,Saccharomycetales,Dipodascaceae,Dipodascus,Dipodascus_fermentans",1.002710027100271
"Scedosporium_aurantiacum","Fungi,Ascomycota,Saccharomycetes,Saccharomycetales,Phaffomycetaceae,Phaffomyces,[Candida]_orba",2.185029799281616
"Scedosporium_aurantiacum","Fungi,Ascomycota,Eurotiomycetes,Eurotiales,Trichocomaceae,Talaromyces,Talaromyces_phialosporus",1.6195680204559664
"Scedosporium_aurantiacum","Fungi,Ascomycota,Saccharomycetes,Saccharomycetales,Metschnikowiaceae,Metschnikowia,Metschnikowia_vanudenii",72.71483015071344
"Scedosporium_aurantiacum","Fungi,Ascomycota,Sordariomycetes,Microascales,Microascaceae,Scedosporium,Scedosporium_aurantiacum",80.51640245985674
"Scedosporium_aurantiacum","Fungi,Ascomycota,Saccharomycetes,Saccharomycetales,Debaryomycetaceae,Suhomyces,Suhomyces_vadensis",1.0027136235634224
"Scedosporium_aurantiacum","Fungi,Ascomycota,Saccharomycetes,Saccharomycetales,Metschnikowiaceae,NA,[Candida]_pseudoflosculorum",2.0057168873744633
"Scedosporium_aurantiacum","Fungi,Ascomycota,Saccharomycetes,Saccharomycetales,Debaryomycetaceae,Yamadazyma,Yamadazyma_mexicana",1.002710027100271
"Scedosporium_aurantiacum","Fungi,Ascomycota,Pezizomycetes,Pezizales,Morchellaceae,Morchella,Morchella_australiana",2.005423376279997
"Scedosporium_aurantiacum","Fungi,Ascomycota,Saccharomycetes,Saccharomycetales,Dipodascaceae,Yarrowia,Yarrowia_yakushimensis",8.745591160881792
"Scedosporium_aurantiacum","Fungi,Ascomycota,Sordariomycetes,Coniochaetales,Coniochaetaceae,Coniochaeta,Coniochaeta_navarrae",2.005420054200542
"Scedosporium_aurantiacum","Fungi,Ascomycota,Pezizomycetes,Pezizales,Morchellaceae,Morchella,Morchella_hispaniolensis",80.28386231057148
"Scedosporium_aurantiacum","Fungi,Ascomycota,Pezizomycetes,Pezizales,Morchellaceae,Morchella,Morchella_kaibabensis",112.90457140326876
"Scedosporium_aurantiacum","Fungi,Ascomycota,Sordariomycetes,Meliolales,Meliolaceae,Meliola,Meliola_pottsiae",1.002710027100271
"Scedosporium_aurantiacum","Fungi,Ascomycota,Dothideomycetes,Venturiales,Sympoventuriaceae,Verruconis,Verruconis_thailandica",1.0027406722510297
"Scedosporium_boydii","Fungi,Ascomycota,Sordariomycetes,Microascales,Microascaceae,Pseudallescheria,Pseudallescheria_ellipsoidea",102.23801300177111
"Scedosporium_boydii","Fungi,Ascomycota,Saccharomycetes,Saccharomycetales,Metschnikowiaceae,NA,[Candida]_pseudointermedia",3.428095473703275
"Scedosporium_boydii","Fungi,Ascomycota,Saccharomycetes,Saccharomycetales,Phaffomycetaceae,Phaffomyces,[Candida]_orba",3.1403431658289405
"Scedosporium_boydii","Fungi,Ascomycota,Saccharomycetes,Saccharomycetales,Metschnikowiaceae,Metschnikowia,Metschnikowia_vanudenii",64.94852845942489
"Scedosporium_boydii","Fungi,Ascomycota,Saccharomycetes,Saccharomycetales,Debaryomycetaceae,Suhomyces,Suhomyces_vadensis",4.000000012920693
"Scedosporium_boydii","Fungi,Ascomycota,Saccharomycetes,Saccharomycetales,Dipodascaceae,Magnusiomyces,Magnusiomyces_capitatus",1.0
"Scedosporium_boydii","Fungi,Ascomycota,Pezizomycetes,Pezizales,Morchellaceae,Morchella,Morchella_australiana",1.9999975922181155
"Scedosporium_boydii","Fungi,Ascomycota,Sordariomycetes,Hypocreales,Nectriaceae,Thyronectria,Thyronectria_caudata",1.0
"Scedosporium_boydii","Fungi,Ascomycota,Saccharomycetes,Saccharomycetales,Dipodascaceae,Yarrowia,Yarrowia_yakushimensis",2.534137955694415
"Scedosporium_boydii","Fungi,Ascomycota,Orbiliomycetes,Orbiliales,Orbiliaceae,Orbilia,Orbilia_macroserpens",1.0
"Scedosporium_boydii","Fungi,Ascomycota,Pezizomycetes,Pezizales,Morchellaceae,Morchella,Morchella_hispaniolensis",96.75457766553423
"Scedosporium_boydii","Fungi,Ascomycota,Pezizomycetes,Pezizales,Morchellaceae,Morchella,Morchella_kaibabensis",98.95620432379187
"Scedosporium_boydii","Fungi,Ascomycota,Dothideomycetes,Venturiales,Sympoventuriaceae,Verruconis,Verruconis_thailandica",1.0001023491124557
"Sclerotinia_sclerotiorum","Fungi,Ascomycota,Saccharomycetes,Saccharomycetales,Debaryomycetaceae,Candida,Candida_dubliniensis",1.0077319587628866
"Sclerotinia_sclerotiorum","Fungi,Ascomycota,Leotiomycetes,Helotiales,Sclerotiniaceae,Botryotinia,Botryotinia_ranunculi",386.96907216494844
"Sclerotinia_sclerotiorum","Fungi,Basidiomycota,Agaricomycetes,Russulales,Russulaceae,Lactarius,Lactarius_horakii",2.015463917525773
"Sclerotinia_sclerotiorum","Fungi,Basidiomycota,Agaricomycetes,Hymenochaetales,Hymenochaetaceae,Phellinus,Phellinus_caribaeo-quercicola",1.0077319587628866
"Sporisorium_scitamineum","Fungi,Basidiomycota,Ustilaginomycetes,Ustilaginales,Ustilaginaceae,Sporisorium,Sporisorium_graminicola",259.78966973987536
"Sporisorium_scitamineum","Fungi,Ascomycota,Sordariomycetes,Diaporthales,Gnomoniaceae,Gnomoniopsis,Gnomoniopsis_paraclavulata",1.003048780487805
"Sporisorium_scitamineum","Fungi,Basidiomycota,Ustilaginomycetes,Ustilaginales,Ustilaginaceae,Sporisorium,Sporisorium_spinulosum",2.0060975563369055
"Sporisorium_scitamineum","Fungi,Ascomycota,Saccharomycetes,Saccharomycetales,Dipodascaceae,Magnusiomyces,Magnusiomyces_capitatus",1.003048780487805
"Sporisorium_scitamineum","Fungi,Basidiomycota,Ustilaginomycetes,Ustilaginales,Ustilaginaceae,Pseudozyma,Pseudozyma_pruni",64.19508636232435
"Sporisorium_scitamineum","Fungi,Ascomycota,Sordariomycetes,Sordariales,Chaetomiaceae,Botryotrichum,Botryotrichum_verrucosum",1.003048780487805
"Trichomonascus_ciferrii","Fungi,Ascomycota,Saccharomycetes,Saccharomycetales,Trichomonascaceae,Trichomonascus,Trichomonascus_ciferrii",25.02900573537084
"Trichomonascus_ciferrii","Fungi,Ascomycota,Saccharomycetes,Saccharomycetales,Trichomonascaceae,Trichomonascus,[Candida]_mucifera",20.089551873623066
"Trichomonascus_ciferrii","Fungi,Basidiomycota,Tremellomycetes,Tremellales,Cryptococcaceae,Cryptococcus,Cryptococcus_bacillisporus",1.0026385224274406
"Trichomonascus_ciferrii","Fungi,Ascomycota,Saccharomycetes,Saccharomycetales,Trichomonascaceae,Blastobotrys,Blastobotrys_persicus",332.8761653461512
"Trichomonascus_ciferrii","Fungi,Ascomycota,Sordariomycetes,Xylariales,Diatrypaceae,Eutypa,Eutypa_camelliae",1.0026385224274406
"Trichosporon_asahii","Fungi,Basidiomycota,Agaricomycetes,Russulales,Lachnocladiaceae,Scytinostroma,Scytinostroma_alutum",2.001408785045772
"Trichosporon_asahii","Fungi,Basidiomycota,Tremellomycetes,Trichosporonales,Trichosporonaceae,Trichosporon,Trichosporon_asahii",268.70146670056977
"Trichosporon_asahii","Fungi,Mucoromycota,Glomeromycetes,Diversisporales,Diversisporaceae,Diversispora,Diversispora_spurca",7.087262289525565
"Trichosporon_asahii","Fungi,Mucoromycota,Glomeromycetes,Diversisporales,Gigasporaceae,Dentiscutata,Dentiscutata_savannicola",1.4828979785052723
"Trichosporon_asahii","Fungi,Ascomycota,Saccharomycetes,Saccharomycetales,Debaryomycetaceae,Yamadazyma,Yamadazyma_mexicana",1.0
"Trichosporon_asahii","Fungi,Chytridiomycota,Chytridiomycetes,Gromochytriales,Gromochytriaceae,Gromochytrium,Gromochytrium_mamkaevae",26.711740015528264
"Trichosporon_asahii","Fungi,Basidiomycota,Pucciniomycetes,Pucciniales,Gymnosporangiaceae,Gymnosporangium,Gymnosporangium_przewalskii",3.5986234221694025
"Trichosporon_asahii","Fungi,Basidiomycota,Agaricomycetes,Russulales,Peniophoraceae,Peniophora,Peniophora_molesta",1.9999965607940644
"Trichosporon_asahii","Fungi,Basidiomycota,Agaricomycetes,Russulales,Lachnocladiaceae,Vararia,Vararia_breviphysa",3.959699410860122
"Trichosporon_asahii","Fungi,Chytridiomycota,Neocallimastigomycetes,Neocallimastigales,Neocallimastigaceae,Feramyces,Feramyces_austinii",9.059716822671007
"Trichosporon_asahii","Fungi,Basidiomycota,Pucciniomycetes,Pucciniales,Milesinaceae,Milesina,Milesina_woodwardiana",49.54885994545052
"Trichosporon_asahii","Fungi,Chytridiomycota,Neocallimastigomycetes,Neocallimastigales,Neocallimastigaceae,Khoyollomyces,Khoyollomyces_ramosus",1.0762051735149325
"Trichosporon_asahii","Fungi,Basidiomycota,Pucciniomycetes,Pucciniales,Pucciniaceae,Puccinia,Puccinia_xinyuanensis",5.919724503012737
"Trichosporon_asahii","Fungi,Mucoromycota,Glomeromycetes,Diversisporales,Gigasporaceae,Gigaspora,Gigaspora_polymorphira",1.8523983923525307
"Tuber_brumale","Fungi,Ascomycota,Saccharomycetes,Saccharomycetales,Saccharomycetaceae,Kluyveromyces,Kluyveromyces_marxianus",1.0
"Tuber_brumale","Fungi,Ascomycota,Eurotiomycetes,Eurotiales,Trichocomaceae,Talaromyces,Talaromyces_bacillisporus",2.000034852799931
"Tuber_brumale","Fungi,Ascomycota,Eurotiomycetes,Chaetothyriales,Herpotrichiellaceae,Exophiala,Exophiala_salmonis",1.0007830506890727
"Tuber_brumale","Fungi,Ascomycota,Saccharomycetes,Saccharomycetales,Metschnikowiaceae,Metschnikowia,Metschnikowia_vanudenii",4.38095394552467
"Tuber_brumale","Fungi,Ascomycota,Dothideomycetes,Mytilinidiales,Mytilinidiaceae,Mytilinidion,Mytilinidion_scolecosporum",4.932635952392487
"Tuber_brumale","Fungi,Ascomycota,Dothideomycetes,Myriangiales,Elsinoaceae,Elsinoe,Elsinoe_eucalypticola",1.490148992510823
"Tuber_brumale","Fungi,Ascomycota,Saccharomycetes,Saccharomycetales,Metschnikowiaceae,NA,[Candida]_pseudoflosculorum",8.723345828614743
"Tuber_brumale","Fungi,Ascomycota,Saccharomycetes,Saccharomycetales,Dipodascaceae,Yarrowia,Yarrowia_yakushimensis",243.82330632367604
"Tuber_brumale","Fungi,Ascomycota,Orbiliomycetes,Orbiliales,Orbiliaceae,Orbilia,Orbilia_fimbriata",4.470951613764796
"Tuber_brumale","Fungi,Ascomycota,Pezizomycetes,Pezizales,Tuberaceae,Tuber,Tuber_brumale_var._gorii",32.17783944002733
"Wickerhamomyces_anomalus","Fungi,Ascomycota,Saccharomycetes,Saccharomycetales,Phaffomycetaceae,Wickerhamomyces,Wickerhamomyces_anomalus",70.1770624520679
"Wickerhamomyces_anomalus","Fungi,Ascomycota,Dothideomycetes,Pleosporales,Leptosphaeriaceae,Plenodomus,Plenodomus_lingam",1.0
"Wickerhamomyces_anomalus","Fungi,Ascomycota,Eurotiomycetes,Eurotiales,Trichocomaceae,Talaromyces,Talaromyces_bacillisporus",2.9999999997972067
"Wickerhamomyces_anomalus","Fungi,Ascomycota,Saccharomycetes,Saccharomycetales,Phaffomycetaceae,Wickerhamomyces,[Pichia]_myanmarensis",3.0
"Wickerhamomyces_anomalus","Fungi,Ascomycota,Saccharomycetes,Saccharomycetales,Metschnikowiaceae,Metschnikowia,Metschnikowia_vanudenii",2.076207056098799
"Wickerhamomyces_anomalus","Fungi,Ascomycota,Saccharomycetes,Saccharomycetales,Pichiaceae,Martiniozyma,Martiniozyma_abietophila",1.0000000321339564
"Wickerhamomyces_anomalus","Fungi,Ascomycota,Saccharomycetes,Saccharomycetales,Metschnikowiaceae,NA,[Candida]_pseudoflosculorum",11.526871852121829
"Wickerhamomyces_anomalus","Fungi,Ascomycota,Eurotiomycetes,Eurotiales,Aspergillaceae,Aspergillus,Aspergillus_insolitus",2.000021216109082
"Wickerhamomyces_anomalus","Fungi,Ascomycota,Pezizomycetes,Pezizales,Morchellaceae,Morchella,Morchella_australiana",6.850145401235325
"Wickerhamomyces_anomalus","Fungi,Ascomycota,Saccharomycetes,Saccharomycetales,Dipodascaceae,Yarrowia,Yarrowia_yakushimensis",276.3696919904358
"Yamadazyma_mexicana","Fungi,Ascomycota,Saccharomycetes,Saccharomycetales,Trichomonascaceae,Wickerhamiella,Wickerhamiella_azyma",1.4999988832086777
"Yamadazyma_mexicana","Fungi,Basidiomycota,Tremellomycetes,Tremellales,Tremellaceae,Tremella,Tremella_flava",1.9999805822796035
"Yamadazyma_mexicana","Fungi,Basidiomycota,Tremellomycetes,Trichosporonales,Trichosporonaceae,Trichosporon,Trichosporon_asahii",1.0
"Yamadazyma_mexicana","Fungi,Ascomycota,Saccharomycetes,Saccharomycetales,Debaryomycetaceae,Yamadazyma,[Candida]_trypodendri",1.0000000040464692
"Yamadazyma_mexicana","Fungi,Ascomycota,Saccharomycetes,Saccharomycetales,Trichomonascaceae,Wickerhamiella,Wickerhamiella_azymoides",1.4999988832086777
"Yamadazyma_mexicana","Fungi,Ascomycota,Saccharomycetes,Saccharomycetales,Debaryomycetaceae,Yamadazyma,[Candida]_pseudoaaseri",1.998859434744993
"Yamadazyma_mexicana","Fungi,Ascomycota,Saccharomycetes,Saccharomycetales,Debaryomycetaceae,Yamadazyma,Yamadazyma_mexicana",368.66753443195563
"Yamadazyma_mexicana","Fungi,Ascomycota,Sordariomycetes,Pleurotheciales,Pleurotheciaceae,Phaeoisaria,Phaeoisaria_loranthacearum",2.1596781136341514
"Yamadazyma_mexicana","Fungi,Ascomycota,Saccharomycetes,Saccharomycetales,Trichomonascaceae,Sugiyamaella,Sugiyamaella_bonitensis",1.0011341232594684
"Yamadazyma_mexicana","Fungi,Ascomycota,Dothideomycetes,Venturiales,Sympoventuriaceae,Verruconis,Verruconis_thailandica",4.001867031252608
"Yamadazyma_mexicana","Fungi,Ascomycota,Saccharomycetes,Saccharomycetales,Trichomonascaceae,Wickerhamiella,Wickerhamiella_osmotolerans",6.170948512409706
"Yamadazyma_scolyti","Fungi,Ascomycota,Schizosaccharomycetes,Schizosaccharomycetales,Schizosaccharomycetaceae,Schizosaccharomyces,Schizosaccharomyces_octosporus",2.005128205128205
"Yamadazyma_scolyti","Fungi,Ascomycota,Dothideomycetes,Pleosporales,Leptosphaeriaceae,Plenodomus,Plenodomus_lingam",1.0025641025641026
"Yamadazyma_scolyti","Fungi,Ascomycota,Saccharomycetes,Saccharomycetales,Trichomonascaceae,Wickerhamiella,Wickerhamiella_azyma",1.5038461538461538
"Yamadazyma_scolyti","Fungi,Ascomycota,Saccharomycetes,Saccharomycetales,Debaryomycetaceae,Yamadazyma,Yamadazyma_scolyti",369.9461787658226
"Yamadazyma_scolyti","Fungi,Ascomycota,Saccharomycetes,Saccharomycetales,Trichomonascaceae,Wickerhamiella,Wickerhamiella_azymoides",1.5038461538461538
"Yamadazyma_scolyti","Fungi,Ascomycota,Sordariomycetes,Diaporthales,Gnomoniaceae,Gnomoniopsis,Gnomoniopsis_paraclavulata",1.0025641025641026
"Yamadazyma_scolyti","Fungi,Ascomycota,Saccharomycetes,Saccharomycetales,Debaryomycetaceae,Yamadazyma,[Candida]_vrieseae",1.0025641025641026
"Yamadazyma_scolyti","Fungi,Ascomycota,Sordariomycetes,Pleurotheciales,Pleurotheciaceae,Phaeoisaria,Phaeoisaria_loranthacearum",13.033308413664543
"Yarrowia_lipolytica","Fungi,Ascomycota,Saccharomycetes,Saccharomycetales,Dipodascaceae,Yarrowia,Yarrowia_lipolytica",227.80683863528105
"Yarrowia_lipolytica","Fungi,Ascomycota,Eurotiomycetes,Eurotiales,Trichocomaceae,Talaromyces,Talaromyces_bacillisporus",2.048068145979987
"Yarrowia_lipolytica","Fungi,Ascomycota,Eurotiomycetes,Chaetothyriales,Herpotrichiellaceae,Rhinocladiella,Rhinocladiella_aquaspersa",74.98688794575699
"Yarrowia_lipolytica","Fungi,Ascomycota,Eurotiomycetes,Eurotiales,Aspergillaceae,Penicillium,Penicillium_dierckxii",1.0230714166916977
"Yarrowia_lipolytica","Fungi,Ascomycota,Saccharomycetes,Saccharomycetales,Debaryomycetaceae,Suhomyces,Suhomyces_vadensis",3.4902511844295336
"Yarrowia_lipolytica","Fungi,Ascomycota,Eurotiomycetes,Eurotiales,Aspergillaceae,Aspergillus,Aspergillus_insolitus",1.0457637668483872
"Yarrowia_lipolytica","Fungi,Ascomycota,Eurotiomycetes,Eurotiales,Trichocomaceae,Talaromyces,Talaromyces_coalescens",3.001123987947925
"Yarrowia_lipolytica","Fungi,Ascomycota,Pezizomycetes,Pezizales,Morchellaceae,Morchella,Morchella_australiana",73.29307074055295
"Yarrowia_lipolytica","Fungi,Ascomycota,Saccharomycetes,Saccharomycetales,Dipodascaceae,Yarrowia,Yarrowia_yakushimensis",1.3049241765112685
"Zymoseptoria_tritici","Fungi,Ascomycota,Saccharomycetes,Saccharomycetales,Metschnikowiaceae,NA,[Candida]_pseudointermedia",2.005128205127299
"Zymoseptoria_tritici","Fungi,Ascomycota,Saccharomycetes,Saccharomycetales,Debaryomycetaceae,Candida,Candida_africana",1.0025641025641026
"Zymoseptoria_tritici","Fungi,Ascomycota,Saccharomycetes,Saccharomycetales,Metschnikowiaceae,NA,[Candida]_pseudoflosculorum",3.007692265008976
"Zymoseptoria_tritici","Fungi,Ascomycota,Dothideomycetes,Mycosphaerellales,Mycosphaerellaceae,Zymoseptoria,Zymoseptoria_brevis",3.9365984308829858
"Zymoseptoria_tritici","Fungi,Ascomycota,Dothideomycetes,Mycosphaerellales,Mycosphaerellaceae,Zymoseptoria,Zymoseptoria_tritici",377.0377599226315
"Zymoseptoria_tritici","Fungi,Ascomycota,Eurotiomycetes,Eurotiales,Aspergillaceae,Penicillium,Penicillium_fimorum",2.005128205128205
"Zymoseptoria_tritici","Fungi,Ascomycota,Dothideomycetes,Venturiales,Sympoventuriaceae,Verruconis,Verruconis_thailandica",1.0025641027971044
"Zymoseptoria_tritici","Fungi,Ascomycota,Dothideomycetes,Pleosporales,Didymosphaeriaceae,Deniquelata,Deniquelata_macphersoniae",1.002564765859818
